Player,Club,Position
Daniel Talia,Adelaide Crows,Key Defender
Alex Keath,Adelaide Crows,Key Defender
Kyle Hartigan,Adelaide Crows,Key Defender
Andy Otten,Adelaide Crows,Key Defender
Jordon Butts,Adelaide Crows,Key Defender
Harris Andrews,Brisbane Lions,Key Defender
Josh Walker,Brisbane Lions,Key Defender
Marcus Adams,Brisbane Lions,Key Defender
Matt Eagles,Brisbane Lions,Key Defender
Jack Payne,Brisbane Lions,Key Defender
Liam Jones,Carlton,Key Defender
Jacob Weitering,Carlton,Key Defender
Lachie Plowman,Carlton,Key Defender
Caleb Marchbank,Carlton,Key Defender
Hugh Goddard,Carlton,Key Defender
Harrison Macreadie,Carlton,Key Defender
Ben Silvagni,Carlton,Key Defender
Jordan Roughead,Collingwood,Key Defender
Darcy Moore,Collingwood,Key Defender
Lynden Dunn,Collingwood,Key Defender
Jack Madgen,Collingwood,Key Defender
Mark Keane,Collingwood,Key Defender
Cale Hooker,Essendon,Key Defender
Michael Hurley,Essendon,Key Defender
Aaron Francis,Essendon,Key Defender
Patrick Ambrose,Essendon,Key Defender
Michael Hartley,Essendon,Key Defender
Brandon Zerk-Thatcher,Essendon,Key Defender
Joel Hamling,Fremantle,Key Defender
Alex Pearce,Fremantle,Key Defender
Griffin Logue,Fremantle,Key Defender
Dillon OReilly,Fremantle,Key Defender
Tobe Watson,Fremantle,Key Defender
Mark Blicavs,Geelong Cats,Key Defender
Harry Taylor,Geelong Cats,Key Defender
Tom Stewart,Geelong Cats,Key Defender
Jake Kolodjashnij,Geelong Cats,Key Defender
Lachie Henderson,Geelong Cats,Key Defender
Ben Jarvis,Geelong Cats,Key Defender
Charlie Ballard,Gold Coast Suns,Key Defender
Jack Hombsch,Gold Coast Suns,Key Defender
Rory Thompson,Gold Coast Suns,Key Defender
Sam Collins,Gold Coast Suns,Key Defender
Jack Leslie,Gold Coast Suns,Key Defender
Caleb Graham,Gold Coast Suns,Key Defender
Jeremy Finlayson,GWS Giants,Key Forward
Phil Davis,GWS Giants,Key Defender
Nick Haynes,GWS Giants,Key Defender
Sam Taylor,GWS Giants,Key Defender
Aidan Corr,GWS Giants,Key Defender
Lachlan Keeffe,GWS Giants,Key Defender
Connor Idun,GWS Giants,Key Defender
James Frawley,Hawthorn,Key Defender
Kaiden Brand,Hawthorn,Key Defender
Tim Mohr,Hawthorn,Key Defender
Jacob Koschitzke,Hawthorn,Key Defender
Sam Frost,Melbourne,Key Defender
Oscar McDonald,Melbourne,Key Defender
Steven May,Melbourne,Key Defender
Jake Lever,Melbourne,Key Defender
Marty Hore,Melbourne,Key Defender
Harry Petty,Melbourne,Key Defender
Scott Thompson,North Melbourne,Key Defender
Robbie Tarrant,North Melbourne,Key Defender
Majak Daw,North Melbourne,Key Defender
Ed Vickers-Willis,North Melbourne,Key Defender
Sam Durdin,North Melbourne,Key Defender
Ben McKay,North Melbourne,Key Defender
Declan Watson,North Melbourne,Key Defender
Dougal Howard,Port Adelaide,Key Defender
Ryan Burton,Port Adelaide,Key Defender
Riley Grundy,Port Adelaide,Key Defender
Alex Rance,Richmond,Key Defender
David Astbury,Richmond,Key Defender
Ryan Garthwaite,Richmond,Key Defender
Ben Miller,Richmond,Key Defender
Jake Carlisle,St Kilda,Key Defender
Nathan Brown,St Kilda,Key Defender
Callum Wilkie,St Kilda,Key Defender
Josh Battle,St Kilda,Key Defender
Sam Rowe,St Kilda,Key Defender
Logan Austin,St Kilda,Key Defender
Jonathon Marsh,St Kilda,Key Defender
Oscar Clavarino,St Kilda,Key Defender
Aliir Aliir,Sydney Swans,Key Defender
Heath Grundy,Sydney Swans,Key Defender
Jack Maibaum,Sydney Swans,Key Defender
Toby Pink,Sydney Swans,Key Defender
Jeremy McGovern,West Coast Eagles,Key Defender
Will Schofield,West Coast Eagles,Key Defender
Harry Edwards,West Coast Eagles,Key Defender
Jackson Trengove,Western Bulldogs,Key Defender
Zaine Cordy,Western Bulldogs,Key Defender
Dale Morris,Western Bulldogs,Key Defender
Lewis Young,Western Bulldogs,Key Defender
Lachie Young,Western Bulldogs,Key Defender
Fletcher Roberts,Western Bulldogs,Key Defender
Buku Khamis,Western Bulldogs,Key Defender
Taylor Walker,Adelaide Crows,Key Forward
Josh Jenkins,Adelaide Crows,Key Forward
Elliott Himmelberg,Adelaide Crows,Key Forward
Kieran Strachan,Adelaide Crows,Key Forward
Oscar McInerney,Brisbane Lions,Ruck
Daniel McStay,Brisbane Lions,Key Forward
Eric Hipwood,Brisbane Lions,Key Forward
Sam Skinner,Brisbane Lions,Key Forward
Connor Ballenden,Brisbane Lions,Key Forward
Tom Fullarton,Brisbane Lions,Key Forward
Charlie Curnow,Carlton,Key Forward
Levi Casboult,Carlton,Key Forward
Harry McKay,Carlton,Key Forward
Mitch McGovern,Carlton,Key Forward
Patrick Kerr,Carlton,Key Forward
Tom De Koning,Carlton,Key Forward
Finbar ODwyer,Carlton,Key Forward
Brody Mihocek,Collingwood,Key Forward
Mason Cox,Collingwood,Key Forward
Ben Reid,Collingwood,Key Forward
Will Kelly,Collingwood,Key Forward
Mitch Brown,Essendon,Key Forward
Shaun McKernan,Essendon,Key Forward
James Stewart,Essendon,Key Forward
Joe Daniher,Essendon,Key Forward
Noah Gown,Essendon,Key Forward
Luke Lavender,Essendon,Key Forward
Jesse Hogan,Fremantle,Key Forward
Brennan Cox,Fremantle,Key Forward
Cam McCarthy,Fremantle,Key Forward
Matthew Taberner,Fremantle,Key Forward
Shane Kersten,Fremantle,Key Forward
Scott Jones,Fremantle,Key Forward
Hugh Dixon,Fremantle,Key Forward
Tom Hawkins,Geelong Cats,Key Forward
Esava Ratugolea,Geelong Cats,Key Forward
Darcy Fort,Geelong Cats,Key Forward
Wylie Buzza,Geelong Cats,Key Forward
Nathan Kreuger,Geelong Cats,Key Forward
Blake Schlensog,Geelong Cats,Key Forward
Peter Wright,Gold Coast Suns,Key Forward
Sam Day,Gold Coast Suns,Key Forward
Jack Lukosius,Gold Coast Suns,Key Forward
Chris Burgess,Gold Coast Suns,Key Forward
Ben King,Gold Coast Suns,Key Forward
Brayden Crossley,Gold Coast Suns,Key Forward
Josh Corbett,Gold Coast Suns,Key Forward
Jeremy Cameron,GWS Giants,Key Forward
Harry Himmelberg,GWS Giants,Key Forward
Jonathon Patton,GWS Giants,Key Forward
Zach Sproule,GWS Giants,Key Forward
Kieren Briggs,GWS Giants,Key Forward
Jack Gunston,Hawthorn,Key Forward
Jarryd Roughead,Hawthorn,Key Forward
Tim OBrien,Hawthorn,Key Forward
Conor Nash,Hawthorn,Key Forward
Mitch Lewis,Hawthorn,Key Forward
Ryan Schoenmakers,Hawthorn,Key Forward
Jackson Ross,Hawthorn,Key Forward
Tom McDonald,Melbourne,Key Forward
Sam Weideman,Melbourne,Key Forward
Tim Smith,Melbourne,Key Forward
Declan Keilty,Melbourne,Key Forward
Ben Brown,North Melbourne,Key Forward
Nick Larkey,North Melbourne,Key Forward
Tom Campbell,North Melbourne,Key Forward
Justin Westhoff,Port Adelaide,Key Forward
Charlie Dixon,Port Adelaide,Key Forward
Todd Marshall,Port Adelaide,Key Forward
Peter Ladhams,Port Adelaide,Key Forward
Billy Frampton,Port Adelaide,Key Forward
Jack Riewoldt,Richmond,Key Forward
Tom J. Lynch,Richmond,Key Forward
Noah Balta,Richmond,Key Forward
Josh Bruce,St Kilda,Key Forward
Paddy McCartin,St Kilda,Key Forward
Max King,St Kilda,Key Forward
Jack Mayo,St Kilda,Key Forward
Lance Franklin,Sydney Swans,Key Forward
Sam Reid,Sydney Swans,Key Forward
Tom McCartin,Sydney Swans,Key Forward
Nick Blakey,Sydney Swans,Key Forward
Hayden McLean,Sydney Swans,Key Forward
Kurt Tippett,Sydney Swans,Key Forward
Jack Darling,West Coast Eagles,Key Forward
Josh J. Kennedy,West Coast Eagles,Key Forward
Oscar Allen,West Coast Eagles,Key Forward
Jake Waterman,West Coast Eagles,Key Forward
Fraser McInnes,West Coast Eagles,Key Forward
Jarrod Brander,West Coast Eagles,Key Forward
Patrick Bines,West Coast Eagles,Key Forward
Aaron Naughton,Western Bulldogs,Key Forward
Josh Schache,Western Bulldogs,Key Forward
Fergus Greene,Western Bulldogs,Key Forward
Ryan Gardner,Western Bulldogs,Key Forward
Rory Sloane,Adelaide Crows,Midfielder
Matt Crouch,Adelaide Crows,Midfielder
Paul Seedsman,Adelaide Crows,Midfielder
Bryce Gibbs,Adelaide Crows,Midfielder
Rory Atkins,Adelaide Crows,Midfielder
Cam Ellis-Yolmen,Adelaide Crows,Midfielder
David Mackay,Adelaide Crows,Midfielder
Brad Crouch,Adelaide Crows,Midfielder
Ned McHenry,Adelaide Crows,Midfielder
Lachie Neale,Brisbane Lions,Midfielder
Dayne Zorko,Brisbane Lions,Midfielder
Jarryd Lyons,Brisbane Lions,Midfielder
Mitch Robinson,Brisbane Lions,Midfielder
Hugh McCluggage,Brisbane Lions,Midfielder
Jarrod Berry,Brisbane Lions,Midfielder
Tom Cutler,Brisbane Lions,Midfielder
Ryan Bastinac,Brisbane Lions,Midfielder
Jacob Allison,Brisbane Lions,Midfielder
Mitch Hinge,Brisbane Lions,Midfielder
Tom Joyce,Brisbane Lions,Midfielder
Corey Lyons,Brisbane Lions,Midfielder
Patrick Cripps,Carlton,Midfielder
Ed Curnow,Carlton,Midfielder
Marc Murphy,Carlton,Midfielder
Sam Walsh,Carlton,Midfielder
Lochie OBrien,Carlton,Midfielder
Angus Schumacher,Carlton,Midfielder
Adam Treloar,Collingwood,Midfielder
Scott Pendlebury,Collingwood,Midfielder
Steele Sidebottom,Collingwood,Midfielder
Taylor Adams,Collingwood,Midfielder
Tom Phillips,Collingwood,Midfielder
Dayne Beams,Collingwood,Midfielder
Chris Mayne,Collingwood,Midfielder
Brayden Sier,Collingwood,Midfielder
Tyler Brown,Collingwood,Midfielder
Zach Merrett,Essendon,Midfielder
Dylan Shiel,Essendon,Midfielder
Dyson Heppell,Essendon,Midfielder
Andrew McGrath,Essendon,Midfielder
David Zaharakis,Essendon,Midfielder
David Myers,Essendon,Midfielder
Matt Guelfi,Essendon,Midfielder
Dylan Clarke,Essendon,Midfielder
Will Snelling,Essendon,Midfielder
Kobe Mutch,Essendon,Midfielder
Tom Jok,Essendon,Midfielder
Trent Mynott,Essendon,Midfielder
Nat Fyfe,Fremantle,Midfielder
David Mundy,Fremantle,Midfielder
Ed Langdon,Fremantle,Midfielder
Bradley Hill,Fremantle,Midfielder
Reece Conca,Fremantle,Midfielder
Stephen Hill,Fremantle,Midfielder
Tom North,Fremantle,Midfielder
Luke Valente,Fremantle,Midfielder
Tim Kelly,Geelong Cats,Midfielder
Joel Selwood,Geelong Cats,Midfielder
Mitch Duncan,Geelong Cats,Midfielder
Cameron Guthrie,Geelong Cats,Midfielder
Jordan Clark,Geelong Cats,Midfielder
Jordan Cunico,Geelong Cats,Midfielder
Scott Selwood,Geelong Cats,Midfielder
Charlie Constable,Geelong Cats,Midfielder
Jacob Kennerley,Geelong Cats,Midfielder
Touk Miller,Gold Coast Suns,Midfielder
David Swallow,Gold Coast Suns,Midfielder
Jack Bowes,Gold Coast Suns,Midfielder
Brayden Fiorini,Gold Coast Suns,Midfielder
Jordan Murdoch,Gold Coast Suns,Midfielder
Anthony Miles,Gold Coast Suns,Midfielder
Will Brodie,Gold Coast Suns,Midfielder
George Horlin-Smith,Gold Coast Suns,Midfielder
Corey Ellis,Gold Coast Suns,Midfielder
Jacob Dawson,Gold Coast Suns,Midfielder
Sam Fletcher,Gold Coast Suns,Midfielder
Mitch Riordan,Gold Coast Suns,Midfielder
Stephen Coniglio,GWS Giants,Midfielder
Josh Kelly,GWS Giants,Midfielder
Jacob Hopper,GWS Giants,Midfielder
Callan Ward,GWS Giants,Midfielder
Tim Taranto,GWS Giants,Midfielder
Adam Tomlinson,GWS Giants,Midfielder
Harry Perryman,GWS Giants,Midfielder
Tom Sheridan,GWS Giants,Midfielder
Jackson Hately,GWS Giants,Midfielder
Jye Caldwell,GWS Giants,Midfielder
Nick Shipley,GWS Giants,Midfielder
Jack Buckley,GWS Giants,Midfielder
Xavier OHalloran,GWS Giants,Midfielder
Liam Shiels,Hawthorn,Midfielder
Ricky Henderson,Hawthorn,Midfielder
Jaeger OMeara,Hawthorn,Midfielder
Shaun Burgoyne,Hawthorn,Midfielder
James Worpel,Hawthorn,Midfielder
Tom Mitchell,Hawthorn,Midfielder
Isaac Smith,Hawthorn,Midfielder
Daniel Howe,Hawthorn,Midfielder
Tom Scully,Hawthorn,Midfielder
James Cousins,Hawthorn,Midfielder
Will Golds,Hawthorn,Midfielder
Harrison Jones,Hawthorn,Midfielder
Clayton Oliver,Melbourne,Midfielder
Angus Brayshaw,Melbourne,Midfielder
James Harmes,Melbourne,Midfielder
Bayley Fritsch,Melbourne,Midfielder
Jack Viney,Melbourne,Midfielder
Nathan Jones,Melbourne,Midfielder
Billy Stretch,Melbourne,Midfielder
Jay Kennedy Harris,Melbourne,Midfielder
Oskar Baker,Melbourne,Midfielder
Kade Chandler,Melbourne,Midfielder
Corey Maynard,Melbourne,Midfielder
James Jordon,Melbourne,Midfielder
Aaron Nietschke,Melbourne,Midfielder
Ben Cunnington,North Melbourne,Midfielder
Shaun Higgins,North Melbourne,Midfielder
Jed Anderson,North Melbourne,Midfielder
Jared Polec,North Melbourne,Midfielder
Trent Dumont,North Melbourne,Midfielder
Dom Tyson,North Melbourne,Midfielder
Paul Ahern,North Melbourne,Midfielder
Ben Jacobs,North Melbourne,Midfielder
Aaron Hall,North Melbourne,Midfielder
Kyron Hayden,North Melbourne,Midfielder
Tom McKenzie,North Melbourne,Midfielder
Ollie Wines,Port Adelaide,Midfielder
Tom Rockliff,Port Adelaide,Midfielder
Brad Ebert,Port Adelaide,Midfielder
Sam Powell-Pepper,Port Adelaide,Midfielder
Karl Amon,Port Adelaide,Midfielder
Xavier Duursma,Port Adelaide,Midfielder
Willem Drew,Port Adelaide,Midfielder
Cam Sutcliffe,Port Adelaide,Midfielder
Joe Atley,Port Adelaide,Midfielder
Kai Pudney,Port Adelaide,Midfielder
Dion Prestia,Richmond,Midfielder
Trent Cotchin,Richmond,Midfielder
Jack Graham,Richmond,Midfielder
Kamdyn McIntosh,Richmond,Midfielder
Shaun Grigg,Richmond,Midfielder
Jack Ross,Richmond,Midfielder
Patrick Naish,Richmond,Midfielder
Oleg Markov,Richmond,Midfielder
Riley Collier-Dawkins,Richmond,Midfielder
Marlion Pickett,Richmond,Midfielder
Fraser Turner,Richmond,Midfielder
Sebastian Ross,St Kilda,Midfielder
Jack Steele,St Kilda,Midfielder
Jack Steven,St Kilda,Midfielder
Luke Dunstan,St Kilda,Midfielder
Jack Newnes,St Kilda,Midfielder
Dan Hannebery,St Kilda,Midfielder
Ed Phillips,St Kilda,Midfielder
Jack Bytel,St Kilda,Midfielder
Luke Parker,Sydney Swans,Midfielder
Josh Kennedy,Sydney Swans,Midfielder
George Hewett,Sydney Swans,Midfielder
Oliver Florent,Sydney Swans,Midfielder
Harry Cunningham,Sydney Swans,Midfielder
Jackson Thurlow,Sydney Swans,Midfielder
James Bell,Sydney Swans,Midfielder
Elliot Yeo,West Coast Eagles,Midfielder
Luke Shuey,West Coast Eagles,Midfielder
Andrew Gaff,West Coast Eagles,Midfielder
Dom Sheed,West Coast Eagles,Midfielder
Jack Redden,West Coast Eagles,Midfielder
Chris Masten,West Coast Eagles,Midfielder
Mark Hutchings,West Coast Eagles,Midfielder
Matthew Allen,West Coast Eagles,Midfielder
Hamish Brayshaw,West Coast Eagles,Midfielder
Xavier ONeill,West Coast Eagles,Midfielder
Marcus Bontempelli,Western Bulldogs,Midfielder
Jack Macrae,Western Bulldogs,Midfielder
Lachie Hunter,Western Bulldogs,Midfielder
Tom Liberatore,Western Bulldogs,Midfielder
Will Hayes,Western Bulldogs,Midfielder
Rhylee West,Western Bulldogs,Midfielder
Callum Porter,Western Bulldogs,Midfielder
Hugh Greenwood,Adelaide Crows,Midfielder/Forward
Richard Douglas,Adelaide Crows,Midfielder/Forward
Riley Knight,Adelaide Crows,Midfielder/Forward
Patrick Wilson,Adelaide Crows,Midfielder/Forward
Rhys Mathieson,Brisbane Lions,Midfielder/Forward
Zac Bailey,Brisbane Lions,Midfielder/Forward
Brandon Starcevich,Brisbane Lions,Midfielder/Forward
Ben Keays,Brisbane Lions,Midfielder/Forward
Ely Smith,Brisbane Lions,Midfielder/Forward
Toby Wooller,Brisbane Lions,Midfielder/Forward
Zac Fisher,Carlton,Midfielder/Forward
Sam Petrevski-Seton,Carlton,Midfielder/Forward
Paddy Dow,Carlton,Midfielder/Forward
Matthew Kennedy,Carlton,Midfielder/Forward
David Cuningham,Carlton,Midfielder/Forward
Darcy Lang,Carlton,Midfielder/Forward
Will Setterfield,Carlton,Midfielder/Forward
Matthew Cottrell,Carlton,Midfielder/Forward
Jordan de Goey,Collingwood,Midfielder/Forward
Will Hoskin-Elliott,Collingwood,Midfielder/Forward
Rupert Wills,Collingwood,Midfielder/Forward
Tim Broomhead,Collingwood,Midfielder/Forward
Darcy Parish,Essendon,Midfielder/Forward
Kyle Langford,Essendon,Midfielder/Forward
Devon Smith,Essendon,Midfielder/Forward
Brayden Ham,Essendon,Midfielder/Forward
Michael Walters,Fremantle,Midfielder/Forward
Darcy Tucker,Fremantle,Midfielder/Forward
Andrew Brayshaw,Fremantle,Midfielder/Forward
Bailey Banfield,Fremantle,Midfielder/Forward
Travis Colyer,Fremantle,Midfielder/Forward
Patrick Dangerfield,Geelong Cats,Midfielder/Forward
Gary Ablett,Geelong Cats,Midfielder/Forward
Sam Menegola,Geelong Cats,Midfielder/Forward
Luke Dahlhaus,Geelong Cats,Midfielder/Forward
Jack Martin,Gold Coast Suns,Midfielder/Forward
Wil Powell,Gold Coast Suns,Midfielder/Forward
Brad Scheer,Gold Coast Suns,Midfielder/Forward
Josh Schoenfeld,Gold Coast Suns,Midfielder/Forward
Lachie Whitfield,GWS Giants,Midfielder/Forward
Matt de Boer,GWS Giants,Midfielder/Forward
Brett Deledio,GWS Giants,Midfielder/Forward
Chad Wingard,Hawthorn,Midfielder/Forward
Harry Morrison,Hawthorn,Midfielder/Forward
Oliver Hanrahan,Hawthorn,Midfielder/Forward
Will Langford,Hawthorn,Midfielder/Forward
Christian Petracca,Melbourne,Midfielder/Forward
Corey Wagner,Melbourne,Midfielder/Forward
Aaron vandenBerg,Melbourne,Midfielder/Forward
Jack Ziebell,North Melbourne,Midfielder/Forward
Jy Simpkin,North Melbourne,Midfielder/Forward
Luke Davies-Uniacke,North Melbourne,Midfielder/Forward
Bailey Scott,North Melbourne,Midfielder/Forward
Travis Boak,Port Adelaide,Midfielder/Forward
Robbie Gray,Port Adelaide,Midfielder/Forward
Steven Motlop,Port Adelaide,Midfielder/Forward
Jake Patmore,Port Adelaide,Midfielder/Forward
Dustin Martin,Richmond,Midfielder/Forward
Shane Edwards,Richmond,Midfielder/Forward
Kane Lambert,Richmond,Midfielder/Forward
Josh Caddy,Richmond,Midfielder/Forward
Luke English,Richmond,Midfielder/Forward
Jack Sinclair,St Kilda,Midfielder/Forward
Jack Billings,St Kilda,Midfielder/Forward
Blake Acres,St Kilda,Midfielder/Forward
David Armitage,St Kilda,Midfielder/Forward
Isaac Heeney,Sydney Swans,Midfielder/Forward
Kieren Jack,Sydney Swans,Midfielder/Forward
James Rowbottom,Sydney Swans,Midfielder/Forward
Justin McInerney,Sydney Swans,Midfielder/Forward
Zac Foot,Sydney Swans,Midfielder/Forward
Cody Hirst,Sydney Swans,Midfielder/Forward
Sam Wicks,Sydney Swans,Midfielder/Forward
Brayden Ainsworth,West Coast Eagles,Midfielder/Forward
Josh Dunkley,Western Bulldogs,Midfielder/Forward
Toby McLean,Western Bulldogs,Midfielder/Forward
Mitch Wallis,Western Bulldogs,Midfielder/Forward
Sam Lloyd,Western Bulldogs,Midfielder/Forward
Patrick Lipinski,Western Bulldogs,Midfielder/Forward
Bailey Smith,Western Bulldogs,Midfielder/Forward
Bailey Dale,Western Bulldogs,Midfielder/Forward
Lin Jong,Western Bulldogs,Midfielder/Forward
Liam Picken,Western Bulldogs,Midfielder/Forward
Sam Jacobs,Adelaide Crows,Ruck
Reilly OBrien,Adelaide Crows,Ruck
Paul Hunter,Adelaide Crows,Ruck
Stefan Martin,Brisbane Lions,Ruck
Archie Smith,Brisbane Lions,Ruck
Matthew Kreuzer,Carlton,Ruck
Andrew Phillips,Carlton,Ruck
Matthew Lobbe,Carlton,Ruck
Brodie Grundy,Collingwood,Ruck
Max Lynch,Collingwood,Ruck
Tom Bellchambers,Essendon,Ruck
Zac Clarke,Essendon,Ruck
Sam Draper,Essendon,Ruck
Rory Lobb,Fremantle,Ruck
Aaron Sandilands,Fremantle,Ruck
Sean Darcy,Fremantle,Ruck
Lloyd Meek,Fremantle,Ruck
Rhys Stanley,Geelong Cats,Ruck
Zac Smith,Geelong Cats,Ruck
Ryan Abbott,Geelong Cats,Ruck
Jarrod Witts,Gold Coast Suns,Ruck
Tom Nicholls,Gold Coast Suns,Ruck
Dawson Simpson,GWS Giants,Ruck
Shane Mumford,GWS Giants,Ruck
Matthew Flynn,GWS Giants,Ruck
Ben McEvoy,Hawthorn,Ruck
Jonathon Ceglar,Hawthorn,Ruck
Marc Pittonet,Hawthorn,Ruck
Ned Reeves,Hawthorn,Ruck
Max Gawn,Melbourne,Ruck
Braydon Preuss,Melbourne,Ruck
Austin Bradtke,Melbourne,Ruck
Todd Goldstein,North Melbourne,Ruck
Tristan Xerri,North Melbourne,Ruck
Paddy Ryder,Port Adelaide,Ruck
Scott Lycett,Port Adelaide,Ruck
Sam Hayes,Port Adelaide,Ruck
Toby Nankervis,Richmond,Ruck
Ivan Soldo,Richmond,Ruck
Mabior Chol,Richmond,Ruck
Callum Coleman-Jones,Richmond,Ruck
Rowan Marshall,St Kilda,Ruck
Billy Longer,St Kilda,Ruck
Lewis Pierce,St Kilda,Ruck
Sam Alabakis,St Kilda,Ruck
Callum Sinclair,Sydney Swans,Ruck
Sam Naismith,Sydney Swans,Ruck
Darcy Cameron,Sydney Swans,Ruck
Joel Amartey,Sydney Swans,Ruck
Michael Knoll,Sydney Swans,Ruck
Tom Hickey,West Coast Eagles,Ruck
Nic Naitanui,West Coast Eagles,Ruck
Nathan Vardy,West Coast Eagles,Ruck
Keegan Brooksby,West Coast Eagles,Ruck
Bailey J. Williams,West Coast Eagles,Ruck
Tim English,Western Bulldogs,Ruck
Tom Boyd,Western Bulldogs,Ruck
Jordon Sweet,Western Bulldogs,Ruck
Rory Laird,Adelaide Crows,Small/Medium Defender
Wayne Milera,Adelaide Crows,Small/Medium Defender
Brodie Smith,Adelaide Crows,Small/Medium Defender
Luke Brown,Adelaide Crows,Small/Medium Defender
Jake Kelly,Adelaide Crows,Small/Medium Defender
Tom Doedee,Adelaide Crows,Small/Medium Defender
Will Hamill,Adelaide Crows,Small/Medium Defender
Andrew McPherson,Adelaide Crows,Small/Medium Defender
Lachlan Sholl,Adelaide Crows,Small/Medium Defender
Daniel Rich,Brisbane Lions,Small/Medium Defender
Luke Hodge,Brisbane Lions,Small/Medium Defender
Darcy Gardiner,Brisbane Lions,Small/Medium Defender
Alex Witherden,Brisbane Lions,Small/Medium Defender
Ryan Lester,Brisbane Lions,Small/Medium Defender
Nick Robertson,Brisbane Lions,Small/Medium Defender
Noah Answerth,Brisbane Lions,Small/Medium Defender
Cedric Cox,Brisbane Lions,Small/Medium Defender
James Madden,Brisbane Lions,Small/Medium Defender
Kade Simpson,Carlton,Small/Medium Defender
Dale Thomas,Carlton,Small/Medium Defender
Nic Newman,Carlton,Small/Medium Defender
Liam Stocker,Carlton,Small/Medium Defender
Tom Williamson,Carlton,Small/Medium Defender
Sam Docherty,Carlton,Small/Medium Defender
Jack Crisp,Collingwood,Small/Medium Defender
Jeremy Howe,Collingwood,Small/Medium Defender
Brayden Maynard,Collingwood,Small/Medium Defender
Tom Langdon,Collingwood,Small/Medium Defender
James Aish,Collingwood,Small/Medium Defender
Matt Scharenberg,Collingwood,Small/Medium Defender
Levi Greenwood,Collingwood,Small/Medium Defender
Sam Murray,Collingwood,Small/Medium Defender
Flynn Appleby,Collingwood,Small/Medium Defender
Tyson Goldsack,Collingwood,Small/Medium Defender
Isaac Quaynor,Collingwood,Small/Medium Defender
John Noble,Collingwood,Small/Medium Defender
Nathan Murphy,Collingwood,Small/Medium Defender
Conor McKenna,Essendon,Small/Medium Defender
Adam Saad,Essendon,Small/Medium Defender
Mason Redman,Essendon,Small/Medium Defender
Ben McNiece,Essendon,Small/Medium Defender
Matt Dea,Essendon,Small/Medium Defender
Martin Gleeson,Essendon,Small/Medium Defender
Jordan Ridley,Essendon,Small/Medium Defender
Luke Ryan,Fremantle,Small/Medium Defender
Nathan Wilson,Fremantle,Small/Medium Defender
Adam Cerra,Fremantle,Small/Medium Defender
Ethan Hughes,Fremantle,Small/Medium Defender
Connor Blakely,Fremantle,Small/Medium Defender
Taylin Duman,Fremantle,Small/Medium Defender
Ryan Nyhuis,Fremantle,Small/Medium Defender
Jason Carter,Fremantle,Small/Medium Defender
Zach Tuohy,Geelong Cats,Small/Medium Defender
Jack Henry,Geelong Cats,Small/Medium Defender
Jed Bews,Geelong Cats,Small/Medium Defender
Mark OConnor,Geelong Cats,Small/Medium Defender
Zach Guthrie,Geelong Cats,Small/Medium Defender
Oscar Brownless,Geelong Cats,Small/Medium Defender
Stefan Okunbor,Geelong Cats,Small/Medium Defender
Lachie Weller,Gold Coast Suns,Small/Medium Defender
Jarrod Harbrow,Gold Coast Suns,Small/Medium Defender
Jesse Joyce,Gold Coast Suns,Small/Medium Defender
Michael Rischitelli,Gold Coast Suns,Small/Medium Defender
Pearce Hanley,Gold Coast Suns,Small/Medium Defender
Jacob Heron,Gold Coast Suns,Small/Medium Defender
Jez McLennan,Gold Coast Suns,Small/Medium Defender
Harrison Wigg,Gold Coast Suns,Small/Medium Defender
Zac Williams,GWS Giants,Small/Medium Defender
Heath Shaw,GWS Giants,Small/Medium Defender
Adam Kennedy,GWS Giants,Small/Medium Defender
Sam J. Reid,GWS Giants,Small/Medium Defender
Matt Buntine,GWS Giants,Small/Medium Defender
Isaac Cumming,GWS Giants,Small/Medium Defender
Jake Stein,GWS Giants,Small/Medium Defender
Callum M. Brown,GWS Giants,Small/Medium Defender
James Sicily,Hawthorn,Small/Medium Defender
Blake Hardwick,Hawthorn,Small/Medium Defender
Jarman Impey,Hawthorn,Small/Medium Defender
Ben Stratton,Hawthorn,Small/Medium Defender
Jack Scrimshaw,Hawthorn,Small/Medium Defender
David Mirra,Hawthorn,Small/Medium Defender
Teia Miles,Hawthorn,Small/Medium Defender
Conor Glass,Hawthorn,Small/Medium Defender
Grant Birchall,Hawthorn,Small/Medium Defender
Damon Greaves,Hawthorn,Small/Medium Defender
Christian Salem,Melbourne,Small/Medium Defender
Jordan Lewis,Melbourne,Small/Medium Defender
Michael Hibberd,Melbourne,Small/Medium Defender
Neville Jetta,Melbourne,Small/Medium Defender
Jayden Hunt,Melbourne,Small/Medium Defender
Josh Wagner,Melbourne,Small/Medium Defender
Kade Kolodjashnij,Melbourne,Small/Medium Defender
Joel Smith,Melbourne,Small/Medium Defender
Guy Walker,Melbourne,Small/Medium Defender
Jamie Macmillan,North Melbourne,Small/Medium Defender
Jasper Pittard,North Melbourne,Small/Medium Defender
Marley Williams,North Melbourne,Small/Medium Defender
Luke McDonald,North Melbourne,Small/Medium Defender
Sam Wright,North Melbourne,Small/Medium Defender
Tom Murphy,North Melbourne,Small/Medium Defender
Joel Crocker,North Melbourne,Small/Medium Defender
Dan Houston,Port Adelaide,Small/Medium Defender
Tom Jonas,Port Adelaide,Small/Medium Defender
Tom Clurey,Port Adelaide,Small/Medium Defender
Darcy Byrne-Jones,Port Adelaide,Small/Medium Defender
Riley Bonner,Port Adelaide,Small/Medium Defender
Hamish Hartlett,Port Adelaide,Small/Medium Defender
Jarrod Lienert,Port Adelaide,Small/Medium Defender
Matthew Broadbent,Port Adelaide,Small/Medium Defender
Sam Mayes,Port Adelaide,Small/Medium Defender
Joel Garner,Port Adelaide,Small/Medium Defender
Trent McKenzie,Port Adelaide,Small/Medium Defender
Jack Trengove,Port Adelaide,Small/Medium Defender
Martin Frederick,Port Adelaide,Small/Medium Defender
Cam Hewett,Port Adelaide,Small/Medium Defender
Nick Vlastuin,Richmond,Small/Medium Defender
Dylan Grimes,Richmond,Small/Medium Defender
Jayden Short,Richmond,Small/Medium Defender
Bachar Houli,Richmond,Small/Medium Defender
Brandon Ellis,Richmond,Small/Medium Defender
Nathan Broad,Richmond,Small/Medium Defender
Sydney Stack,Richmond,Small/Medium Defender
Connor Menadue,Richmond,Small/Medium Defender
Derek Eggmolesse-Smith,Richmond,Small/Medium Defender
Shane Savage,St Kilda,Small/Medium Defender
Jimmy Webster,St Kilda,Small/Medium Defender
Daniel McKenzie,St Kilda,Small/Medium Defender
Jarryn Geary,St Kilda,Small/Medium Defender
Hunter Clark,St Kilda,Small/Medium Defender
Nick Coffield,St Kilda,Small/Medium Defender
Ben Paton,St Kilda,Small/Medium Defender
Bailey Rice,St Kilda,Small/Medium Defender
Brandon White,St Kilda,Small/Medium Defender
Dylan Roberton,St Kilda,Small/Medium Defender
Darragh Joyce,St Kilda,Small/Medium Defender
Doulton Langlands,St Kilda,Small/Medium Defender
Dane Rampe,Sydney Swans,Small/Medium Defender
Jake Lloyd,Sydney Swans,Small/Medium Defender
Zak Jones,Sydney Swans,Small/Medium Defender
Callum Mills,Sydney Swans,Small/Medium Defender
Jarrad McVeigh,Sydney Swans,Small/Medium Defender
Ryan Clarke,Sydney Swans,Small/Medium Defender
Nick Smith,Sydney Swans,Small/Medium Defender
Colin ORiordan,Sydney Swans,Small/Medium Defender
Lewis Melican,Sydney Swans,Small/Medium Defender
Matthew Ling,Sydney Swans,Small/Medium Defender
Harry Reynolds,Sydney Swans,Small/Medium Defender
Durak Tucker,Sydney Swans,Small/Medium Defender
Shannon Hurn,West Coast Eagles,Small/Medium Defender
Lewis Jetta,West Coast Eagles,Small/Medium Defender
Tom Barrass,West Coast Eagles,Small/Medium Defender
Liam Duggan,West Coast Eagles,Small/Medium Defender
Brad Sheppard,West Coast Eagles,Small/Medium Defender
Tom Cole,West Coast Eagles,Small/Medium Defender
Jackson Nelson,West Coast Eagles,Small/Medium Defender
Josh Rotham,West Coast Eagles,Small/Medium Defender
Francis Watson,West Coast Eagles,Small/Medium Defender
Luke Foley,West Coast Eagles,Small/Medium Defender
Brodie Riach,West Coast Eagles,Small/Medium Defender
Jason Johannisen,Western Bulldogs,Small/Medium Defender
Caleb Daniel,Western Bulldogs,Small/Medium Defender
Matt Suckling,Western Bulldogs,Small/Medium Defender
Hayden Crozier,Western Bulldogs,Small/Medium Defender
Ed Richards,Western Bulldogs,Small/Medium Defender
Easton Wood,Western Bulldogs,Small/Medium Defender
Taylor Duryea,Western Bulldogs,Small/Medium Defender
Bailey Williams,Western Bulldogs,Small/Medium Defender
Roarke Smith,Western Bulldogs,Small/Medium Defender
Brad Lynch,Western Bulldogs,Small/Medium Defender
Laitham Vandermeer,Western Bulldogs,Small/Medium Defender
Eddie Betts,Adelaide Crows,Small/Medium Forward
Tom Lynch,Adelaide Crows,Small/Medium Forward
Lachlan Murphy,Adelaide Crows,Small/Medium Forward
Jordan Gallucci,Adelaide Crows,Small/Medium Forward
Darcy Fogarty,Adelaide Crows,Small/Medium Forward
Chayce Jones,Adelaide Crows,Small/Medium Forward
Myles Poholke,Adelaide Crows,Small/Medium Forward
Tyson Stengle,Adelaide Crows,Small/Medium Forward
Ben Davis,Adelaide Crows,Small/Medium Forward
Shane McAdam,Adelaide Crows,Small/Medium Forward
Charlie Cameron,Brisbane Lions,Small/Medium Forward
Allen Christensen,Brisbane Lions,Small/Medium Forward
Lewis Taylor,Brisbane Lions,Small/Medium Forward
Cam Rayner,Brisbane Lions,Small/Medium Forward
Lincoln McCarthy,Brisbane Lions,Small/Medium Forward
Thomas Berry,Brisbane Lions,Small/Medium Forward
Connor McFadyen,Brisbane Lions,Small/Medium Forward
Jack Silvagni,Carlton,Small/Medium Forward
Michael Gibbons,Carlton,Small/Medium Forward
Cameron Polson,Carlton,Small/Medium Forward
Jarrod Garlett,Carlton,Small/Medium Forward
Jarrod Pickett,Carlton,Small/Medium Forward
Josh Deluca,Carlton,Small/Medium Forward
Alex Fasolo,Carlton,Small/Medium Forward
Tomas Bugg,Carlton,Small/Medium Forward
Kym Lebois,Carlton,Small/Medium Forward
Matthew Owies,Carlton,Small/Medium Forward
Josh Thomas,Collingwood,Small/Medium Forward
Jaidyn Stephenson,Collingwood,Small/Medium Forward
Travis Varcoe,Collingwood,Small/Medium Forward
Callum Brown,Collingwood,Small/Medium Forward
Jamie Elliott,Collingwood,Small/Medium Forward
Josh Daicos,Collingwood,Small/Medium Forward
Ben Crocker,Collingwood,Small/Medium Forward
Daniel Wells,Collingwood,Small/Medium Forward
Atu Bosenavulagi,Collingwood,Small/Medium Forward
Anton Tohill,Collingwood,Small/Medium Forward
Anthony McDonald-Tipungwuti,Essendon,Small/Medium Forward
Jake Stringer,Essendon,Small/Medium Forward
Orazio Fantasia,Essendon,Small/Medium Forward
Mark Baguley,Essendon,Small/Medium Forward
Jayden Laverde,Essendon,Small/Medium Forward
Josh Begley,Essendon,Small/Medium Forward
Jake Long,Essendon,Small/Medium Forward
Jordan Houlahan,Essendon,Small/Medium Forward
Irving Mosquito,Essendon,Small/Medium Forward
Brandon Matera,Fremantle,Small/Medium Forward
Sam Switkowski,Fremantle,Small/Medium Forward
Hayden Ballantyne,Fremantle,Small/Medium Forward
Mitch Crowden,Fremantle,Small/Medium Forward
Stefan Giro,Fremantle,Small/Medium Forward
Brett Bewley,Fremantle,Small/Medium Forward
Lachie Schultz,Fremantle,Small/Medium Forward
Harley Bennell,Fremantle,Small/Medium Forward
Sam Sturt,Fremantle,Small/Medium Forward
Brandan Parfitt,Geelong Cats,Small/Medium Forward
Gary Rohan,Geelong Cats,Small/Medium Forward
Gryan Miers,Geelong Cats,Small/Medium Forward
Tom Atkins,Geelong Cats,Small/Medium Forward
Lachie Fogarty,Geelong Cats,Small/Medium Forward
James Parsons,Geelong Cats,Small/Medium Forward
Quinton Narkle,Geelong Cats,Small/Medium Forward
Jamaine Jones,Geelong Cats,Small/Medium Forward
Nakia Cockatoo,Geelong Cats,Small/Medium Forward
Sam Simpson,Geelong Cats,Small/Medium Forward
Jake Tarca,Geelong Cats,Small/Medium Forward
Alex Sexton,Gold Coast Suns,Small/Medium Forward
Nick Holman,Gold Coast Suns,Small/Medium Forward
Darcy Macpherson,Gold Coast Suns,Small/Medium Forward
Ben Ainsworth,Gold Coast Suns,Small/Medium Forward
Aaron Young,Gold Coast Suns,Small/Medium Forward
Callum Ah Chee,Gold Coast Suns,Small/Medium Forward
Sean Lemmens,Gold Coast Suns,Small/Medium Forward
Connor Nutting,Gold Coast Suns,Small/Medium Forward
Izak Rankine,Gold Coast Suns,Small/Medium Forward
Toby Greene,GWS Giants,Small/Medium Forward
Brent Daniels,GWS Giants,Small/Medium Forward
Daniel Lloyd,GWS Giants,Small/Medium Forward
Zac Langdon,GWS Giants,Small/Medium Forward
Bobby Hill,GWS Giants,Small/Medium Forward
Aiden Bonar,GWS Giants,Small/Medium Forward
Dylan Buckley,GWS Giants,Small/Medium Forward
Luke Breust,Hawthorn,Small/Medium Forward
Paul Puopolo,Hawthorn,Small/Medium Forward
Dylan Moore,Hawthorn,Small/Medium Forward
Changkuoth Jiath,Hawthorn,Small/Medium Forward
Darren Minchington,Hawthorn,Small/Medium Forward
Mathew Walker,Hawthorn,Small/Medium Forward
Jake Melksham,Melbourne,Small/Medium Forward
Alex Neal-Bullen,Melbourne,Small/Medium Forward
Mitch Hannan,Melbourne,Small/Medium Forward
Charlie Spargo,Melbourne,Small/Medium Forward
Jeff Garlett,Melbourne,Small/Medium Forward
Jay Lockhart,Melbourne,Small/Medium Forward
Kyle Dunkley,Melbourne,Small/Medium Forward
Tom Sparrow,Melbourne,Small/Medium Forward
Toby Bedford,Melbourne,Small/Medium Forward
Shaun Atley,North Melbourne,Small/Medium Forward
Kayne Turner,North Melbourne,Small/Medium Forward
Mason Wood,North Melbourne,Small/Medium Forward
Cameron Zurhaar,North Melbourne,Small/Medium Forward
Tarryn Thomas,North Melbourne,Small/Medium Forward
Nathan Hrovat,North Melbourne,Small/Medium Forward
Taylor Garner,North Melbourne,Small/Medium Forward
Will Walker,North Melbourne,Small/Medium Forward
Curtis Taylor,North Melbourne,Small/Medium Forward
Lachlan Hosie,North Melbourne,Small/Medium Forward
Red Og Murphy,North Melbourne,Small/Medium Forward
Tom Wilkinson,North Melbourne,Small/Medium Forward
Sam Gray,Port Adelaide,Small/Medium Forward
Connor Rozee,Port Adelaide,Small/Medium Forward
Jack Watts,Port Adelaide,Small/Medium Forward
Zak Butters,Port Adelaide,Small/Medium Forward
Kane Farrell,Port Adelaide,Small/Medium Forward
Aidyn Johnson,Port Adelaide,Small/Medium Forward
Tobin Cox,Port Adelaide,Small/Medium Forward
Boyd Woodcock,Port Adelaide,Small/Medium Forward
Jack Higgins,Richmond,Small/Medium Forward
Daniel Rioli,Richmond,Small/Medium Forward
Jason Castagna,Richmond,Small/Medium Forward
Dan Butler,Richmond,Small/Medium Forward
Liam Baker,Richmond,Small/Medium Forward
Shai Bolton,Richmond,Small/Medium Forward
Maverick Weller,Richmond,Small/Medium Forward
Jacob Townsend,Richmond,Small/Medium Forward
Callum Moore,Richmond,Small/Medium Forward
Jake Aarts,Richmond,Small/Medium Forward
Jade Gresham,St Kilda,Small/Medium Forward
Tim Membrey,St Kilda,Small/Medium Forward
Ben Long,St Kilda,Small/Medium Forward
Jack Lonie,St Kilda,Small/Medium Forward
Dean Kent,St Kilda,Small/Medium Forward
Nick Hind,St Kilda,Small/Medium Forward
Matthew Parker,St Kilda,Small/Medium Forward
Robbie Young,St Kilda,Small/Medium Forward
Tom Papley,Sydney Swans,Small/Medium Forward
Jordan Dawson,Sydney Swans,Small/Medium Forward
Will Hayward,Sydney Swans,Small/Medium Forward
Ben Ronke,Sydney Swans,Small/Medium Forward
Daniel Menzel,Sydney Swans,Small/Medium Forward
Robbie Fox,Sydney Swans,Small/Medium Forward
James Rose,Sydney Swans,Small/Medium Forward
Ryley Stoddart,Sydney Swans,Small/Medium Forward
Jamie Cripps,West Coast Eagles,Midfielder/Forward
Willie Rioli,West Coast Eagles,Small/Medium Forward
Liam Ryan,West Coast Eagles,Midfielder/Forward
Jack Petruccelle,West Coast Eagles,Midfielder/Forward
Daniel Venables,West Coast Eagles,Small/Medium Forward
Brendon Ah Chee,West Coast Eagles,Small/Medium Forward
Jarrod Cameron,West Coast Eagles,Small/Medium Forward
Josh Smith,West Coast Eagles,Small/Medium Forward
Kurt Mutimer,West Coast Eagles,Small/Medium Forward
Tory Dickson,Western Bulldogs,Small/Medium Forward
Billy Gowers,Western Bulldogs,Small/Medium Forward
Lukas Webb,Western Bulldogs,Small/Medium Forward
Ben Cavarra,Western Bulldogs,Small/Medium Forward
